filename,count,locations
00001.png,14,"[(832.59, 291.12), (320.39, 320.39), (266.73, 315.51), (252.1, 754.54), (265.51, 822.83), (96.0, 914.29), (19.17, 1005.76), (39.9, 1375.27), (60.63, 1480.15), (148.44, 1689.9), (221.61, 1839.9), (649.66, 1672.83), (964.29, 1687.46), (430.15, 913.07)]"
00002.png,14,"[(839.9, 281.37), (322.83, 315.51), (263.07, 316.73), (248.44, 747.22), (267.95, 827.71), (100.88, 909.41), (13.07, 1009.41), (30.15, 1383.8), (55.76, 1489.9), (139.9, 1689.9), (206.98, 1852.1), (644.78, 1671.61), (958.2, 1687.46), (428.93, 910.63)]"
00003.png,14,"[(848.0, 281.0), (328.0, 313.0), (272.0, 321.0), (248.0, 755.0), (264.0, 827.0), (96.0, 913.0), (6.0, 1003.0), (34.0, 1397.0), (54.0, 1491.0), (136.0, 1689.0), (220.0, 1851.0), (654.0, 1671.0), (972.0, 1689.0), (436.0, 909.0)]"
00004.png,14,"[(850.0, 261.0), (318.0, 305.0), (256.0, 329.0), (252.0, 759.0), (256.0, 835.0), (86.0, 915.0), (14.0, 999.0), (28.0, 1399.0), (46.0, 1497.0), (138.0, 1685.0), (208.0, 1853.0), (646.0, 1665.0), (970.0, 1689.0), (438.0, 907.0)]"
00005.png,15,"[(1044.0, 715.0), (852.0, 273.0), (314.0, 309.0), (258.0, 331.0), (236.0, 761.0), (262.0, 837.0), (94.0, 919.0), (10.0, 1013.0), (20.0, 1395.0), (52.0, 1495.0), (134.0, 1685.0), (206.0, 1849.0), (658.0, 1661.0), (968.0, 1691.0), (430.0, 899.0)]"
00006.png,16,"[(1034.0, 729.0), (848.0, 267.0), (332.0, 295.0), (248.0, 337.0), (236.0, 763.0), (260.0, 837.0), (86.0, 919.0), (12.0, 1003.0), (16.0, 1397.0), (48.0, 1493.0), (130.0, 1685.0), (196.0, 1865.0), (608.0, 1845.0), (654.0, 1667.0), (972.0, 1697.0), (438.0, 905.0)]"
00007.png,17,"[(1036.0, 733.0), (852.0, 257.0), (346.0, 291.0), (250.0, 335.0), (246.0, 769.0), (264.0, 839.0), (98.0, 917.0), (14.0, 1005.0), (14.0, 1173.0), (22.0, 1403.0), (46.0, 1491.0), (130.0, 1687.0), (216.0, 1857.0), (608.0, 1835.0), (646.0, 1671.0), (988.0, 1695.0), (428.0, 893.0)]"
00008.png,17,"[(1030.0, 733.0), (878.0, 259.0), (336.0, 285.0), (254.0, 339.0), (246.0, 763.0), (264.0, 839.0), (98.0, 919.0), (12.0, 1019.0), (16.0, 1171.0), (24.0, 1407.0), (56.0, 1497.0), (134.0, 1681.0), (208.0, 1865.0), (612.0, 1835.0), (658.0, 1673.0), (986.0, 1695.0), (436.0, 887.0)]"
00009.png,16,"[(1036.0, 745.0), (874.0, 245.0), (354.0, 289.0), (258.0, 351.0), (252.0, 781.0), (254.0, 855.0), (102.0, 929.0), (20.0, 1017.0), (14.0, 1177.0), (20.0, 1409.0), (48.0, 1497.0), (132.0, 1687.0), (210.0, 1871.0), (612.0, 1839.0), (668.0, 1679.0), (448.0, 899.0)]"
00010.png,16,"[(1022.0, 755.0), (878.0, 241.0), (348.0, 267.0), (252.0, 349.0), (240.0, 773.0), (252.0, 851.0), (88.0, 931.0), (10.0, 1023.0), (14.0, 1177.0), (18.0, 1407.0), (50.0, 1499.0), (126.0, 1689.0), (196.0, 1853.0), (624.0, 1837.0), (656.0, 1673.0), (436.0, 883.0)]"
00011.png,16,"[(1016.0, 739.0), (880.0, 239.0), (338.0, 277.0), (248.0, 349.0), (240.0, 773.0), (252.0, 857.0), (84.0, 927.0), (10.0, 1019.0), (12.0, 1173.0), (16.0, 1411.0), (46.0, 1501.0), (126.0, 1687.0), (198.0, 1867.0), (618.0, 1835.0), (670.0, 1681.0), (440.0, 883.0)]"
00012.png,16,"[(1018.0, 745.0), (878.0, 231.0), (348.0, 269.0), (254.0, 351.0), (246.0, 773.0), (264.0, 851.0), (104.0, 929.0), (10.0, 1021.0), (12.0, 1167.0), (24.0, 1413.0), (52.0, 1497.0), (126.0, 1681.0), (202.0, 1865.0), (622.0, 1833.0), (678.0, 1669.0), (458.0, 879.0)]"
00013.png,16,"[(1024.0, 737.0), (898.0, 213.0), (346.0, 267.0), (246.0, 349.0), (240.0, 779.0), (254.0, 855.0), (92.0, 927.0), (12.0, 1023.0), (12.0, 1167.0), (18.0, 1423.0), (44.0, 1497.0), (128.0, 1683.0), (194.0, 1861.0), (626.0, 1833.0), (686.0, 1679.0), (454.0, 875.0)]"
00014.png,16,"[(1006.0, 763.0), (880.0, 217.0), (344.0, 257.0), (252.0, 363.0), (240.0, 769.0), (250.0, 857.0), (96.0, 933.0), (18.0, 1031.0), (12.0, 1169.0), (10.0, 1419.0), (50.0, 1503.0), (128.0, 1685.0), (200.0, 1873.0), (636.0, 1837.0), (684.0, 1681.0), (454.0, 873.0)]"
00015.png,16,"[(890.0, 209.0), (360.0, 255.0), (250.0, 357.0), (230.0, 775.0), (250.0, 867.0), (96.0, 937.0), (14.0, 1025.0), (10.0, 1167.0), (14.0, 1417.0), (38.0, 1501.0), (124.0, 1683.0), (196.0, 1863.0), (634.0, 1831.0), (682.0, 1687.0), (466.0, 865.0), (1000.0, 757.0)]"
00016.png,16,"[(906.0, 203.0), (352.0, 247.0), (248.0, 359.0), (236.0, 783.0), (244.0, 861.0), (102.0, 935.0), (18.0, 1035.0), (8.0, 1163.0), (16.0, 1433.0), (48.0, 1501.0), (118.0, 1683.0), (194.0, 1879.0), (636.0, 1831.0), (684.0, 1687.0), (440.0, 863.0), (990.0, 773.0)]"
00017.png,16,"[(898.0, 211.0), (342.0, 255.0), (244.0, 369.0), (230.0, 789.0), (250.0, 859.0), (96.0, 933.0), (14.0, 1027.0), (6.0, 1167.0), (12.0, 1433.0), (40.0, 1495.0), (124.0, 1683.0), (196.0, 1875.0), (642.0, 1829.0), (682.0, 1681.0), (452.0, 863.0), (1004.0, 753.0)]"
00018.png,16,"[(898.0, 187.0), (342.0, 253.0), (244.0, 367.0), (230.0, 783.0), (254.0, 867.0), (96.0, 933.0), (16.0, 1035.0), (10.0, 1165.0), (14.0, 1425.0), (44.0, 1505.0), (132.0, 1685.0), (196.0, 1877.0), (644.0, 1825.0), (688.0, 1681.0), (456.0, 857.0), (986.0, 759.0)]"
00019.png,16,"[(904.0, 197.0), (358.0, 239.0), (246.0, 371.0), (224.0, 789.0), (250.0, 873.0), (96.0, 939.0), (12.0, 1029.0), (14.0, 1167.0), (18.0, 1425.0), (38.0, 1499.0), (124.0, 1681.0), (194.0, 1873.0), (308.0, 1861.0), (690.0, 1695.0), (454.0, 861.0), (962.0, 773.0)]"
00020.png,17,"[(920.0, 185.0), (362.0, 235.0), (254.0, 373.0), (240.0, 789.0), (252.0, 867.0), (96.0, 941.0), (18.0, 1037.0), (12.0, 1155.0), (14.0, 1433.0), (44.0, 1499.0), (122.0, 1689.0), (192.0, 1893.0), (328.0, 1861.0), (644.0, 1821.0), (688.0, 1685.0), (466.0, 861.0), (984.0, 771.0)]"
00021.png,16,"[(920.0, 175.0), (358.0, 231.0), (256.0, 375.0), (234.0, 785.0), (250.0, 869.0), (98.0, 939.0), (14.0, 1025.0), (10.0, 1167.0), (12.0, 1443.0), (46.0, 1507.0), (128.0, 1681.0), (198.0, 1879.0), (654.0, 1827.0), (704.0, 1681.0), (470.0, 841.0), (978.0, 781.0)]"
00022.png,16,"[(928.0, 157.0), (360.0, 221.0), (244.0, 379.0), (230.0, 803.0), (248.0, 879.0), (92.0, 953.0), (12.0, 1037.0), (12.0, 1157.0), (18.0, 1441.0), (40.0, 1503.0), (126.0, 1681.0), (200.0, 1883.0), (652.0, 1819.0), (704.0, 1691.0), (480.0, 845.0), (964.0, 787.0)]"
00023.png,16,"[(920.0, 163.0), (362.0, 219.0), (240.0, 387.0), (222.0, 803.0), (250.0, 873.0), (92.0, 951.0), (16.0, 1033.0), (14.0, 1165.0), (14.0, 1449.0), (48.0, 1503.0), (124.0, 1679.0), (196.0, 1893.0), (656.0, 1819.0), (702.0, 1691.0), (478.0, 849.0), (968.0, 793.0)]"
00024.png,16,"[(934.0, 153.0), (360.0, 223.0), (232.0, 387.0), (226.0, 811.0), (244.0, 879.0), (88.0, 951.0), (2.0, 1037.0), (6.0, 1169.0), (6.0, 1455.0), (38.0, 1503.0), (122.0, 1677.0), (188.0, 1881.0), (668.0, 1807.0), (706.0, 1677.0), (478.0, 839.0), (962.0, 793.0)]"
00025.png,16,"[(952.0, 145.0), (372.0, 211.0), (236.0, 383.0), (224.0, 809.0), (246.0, 879.0), (92.0, 951.0), (18.0, 1033.0), (10.0, 1153.0), (6.0, 1455.0), (40.0, 1513.0), (124.0, 1681.0), (200.0, 1881.0), (668.0, 1809.0), (708.0, 1697.0), (472.0, 839.0), (960.0, 789.0)]"
00026.png,16,"[(944.0, 127.0), (368.0, 205.0), (242.0, 383.0), (232.0, 805.0), (242.0, 891.0), (88.0, 955.0), (14.0, 1043.0), (6.0, 1151.0), (14.0, 1463.0), (42.0, 1509.0), (114.0, 1681.0), (192.0, 1885.0), (674.0, 1801.0), (728.0, 1677.0), (484.0, 829.0), (944.0, 789.0)]"
00027.png,16,"[(954.0, 125.0), (366.0, 197.0), (230.0, 397.0), (230.0, 813.0), (236.0, 885.0), (90.0, 949.0), (14.0, 1039.0), (6.0, 1159.0), (10.0, 1461.0), (38.0, 1507.0), (118.0, 1679.0), (200.0, 1881.0), (670.0, 1805.0), (722.0, 1693.0), (482.0, 833.0), (962.0, 803.0)]"
00028.png,15,"[(956.0, 109.0), (366.0, 193.0), (228.0, 399.0), (222.0, 823.0), (234.0, 889.0), (80.0, 957.0), (8.0, 1039.0), (6.0, 1165.0), (10.0, 1461.0), (38.0, 1509.0), (120.0, 1679.0), (678.0, 1801.0), (728.0, 1693.0), (488.0, 825.0), (946.0, 809.0)]"
00029.png,15,"[(946.0, 125.0), (376.0, 189.0), (228.0, 399.0), (234.0, 823.0), (238.0, 891.0), (88.0, 957.0), (12.0, 1047.0), (12.0, 1149.0), (16.0, 1457.0), (40.0, 1511.0), (110.0, 1673.0), (676.0, 1821.0), (730.0, 1693.0), (494.0, 833.0), (948.0, 809.0)]"
00030.png,15,"[(970.0, 113.0), (378.0, 197.0), (236.0, 399.0), (226.0, 823.0), (234.0, 899.0), (88.0, 951.0), (14.0, 1041.0), (6.0, 1157.0), (10.0, 1467.0), (38.0, 1509.0), (114.0, 1679.0), (676.0, 1815.0), (742.0, 1681.0), (496.0, 827.0), (928.0, 795.0)]"
00031.png,15,"[(986.0, 99.0), (384.0, 181.0), (234.0, 405.0), (224.0, 827.0), (240.0, 897.0), (88.0, 957.0), (16.0, 1037.0), (12.0, 1155.0), (10.0, 1475.0), (30.0, 1505.0), (118.0, 1681.0), (676.0, 1809.0), (740.0, 1693.0), (506.0, 823.0), (942.0, 811.0)]"
00032.png,15,"[(974.0, 87.0), (378.0, 183.0), (240.0, 409.0), (232.0, 831.0), (240.0, 897.0), (88.0, 965.0), (14.0, 1051.0), (14.0, 1149.0), (12.0, 1479.0), (32.0, 1513.0), (110.0, 1683.0), (686.0, 1809.0), (742.0, 1681.0), (506.0, 819.0), (928.0, 811.0)]"
00033.png,15,"[(972.0, 83.0), (378.0, 165.0), (230.0, 413.0), (216.0, 835.0), (226.0, 903.0), (86.0, 967.0), (10.0, 1047.0), (4.0, 1149.0), (14.0, 1479.0), (40.0, 1513.0), (112.0, 1683.0), (694.0, 1801.0), (744.0, 1691.0), (500.0, 811.0), (918.0, 815.0)]"
00034.png,15,"[(966.0, 73.0), (382.0, 163.0), (228.0, 415.0), (210.0, 841.0), (228.0, 903.0), (84.0, 963.0), (14.0, 1047.0), (14.0, 1143.0), (6.0, 1483.0), (30.0, 1511.0), (112.0, 1677.0), (692.0, 1805.0), (744.0, 1687.0), (496.0, 803.0), (920.0, 825.0)]"
00035.png,15,"[(980.0, 69.0), (394.0, 163.0), (234.0, 415.0), (210.0, 837.0), (230.0, 903.0), (76.0, 973.0), (8.0, 1053.0), (8.0, 1155.0), (6.0, 1473.0), (26.0, 1509.0), (114.0, 1681.0), (682.0, 1809.0), (746.0, 1691.0), (494.0, 807.0), (908.0, 835.0)]"
00036.png,15,"[(984.0, 53.0), (390.0, 157.0), (230.0, 419.0), (214.0, 839.0), (232.0, 913.0), (78.0, 977.0), (10.0, 1045.0), (10.0, 1157.0), (10.0, 1485.0), (30.0, 1513.0), (114.0, 1679.0), (692.0, 1799.0), (746.0, 1695.0), (486.0, 799.0), (922.0, 835.0)]"
00037.png,14,"[(1010.0, 57.0), (388.0, 151.0), (236.0, 425.0), (214.0, 835.0), (218.0, 907.0), (74.0, 973.0), (10.0, 1049.0), (6.0, 1149.0), (28.0, 1505.0), (102.0, 1685.0), (684.0, 1797.0), (742.0, 1703.0), (504.0, 797.0), (922.0, 823.0)]"
00038.png,14,"[(1010.0, 43.0), (380.0, 149.0), (222.0, 433.0), (208.0, 843.0), (222.0, 911.0), (76.0, 975.0), (6.0, 1047.0), (8.0, 1157.0), (24.0, 1515.0), (112.0, 1683.0), (696.0, 1791.0), (754.0, 1699.0), (500.0, 793.0), (896.0, 845.0)]"
00039.png,14,"[(1016.0, 37.0), (390.0, 143.0), (220.0, 435.0), (212.0, 849.0), (218.0, 915.0), (76.0, 979.0), (12.0, 1057.0), (8.0, 1155.0), (28.0, 1517.0), (108.0, 1677.0), (702.0, 1795.0), (768.0, 1695.0), (514.0, 793.0), (900.0, 839.0)]"
00040.png,14,"[(1020.0, 29.0), (392.0, 137.0), (224.0, 437.0), (208.0, 853.0), (214.0, 919.0), (80.0, 975.0), (8.0, 1047.0), (14.0, 1153.0), (28.0, 1519.0), (108.0, 1685.0), (702.0, 1791.0), (772.0, 1703.0), (524.0, 791.0), (886.0, 845.0)]"
00041.png,14,"[(1022.0, 37.0), (386.0, 139.0), (218.0, 439.0), (212.0, 849.0), (218.0, 919.0), (78.0, 975.0), (8.0, 1047.0), (8.0, 1147.0), (28.0, 1515.0), (110.0, 1689.0), (710.0, 1787.0), (772.0, 1709.0), (518.0, 781.0), (890.0, 851.0)]"
00042.png,14,"[(1036.0, 35.0), (396.0, 121.0), (220.0, 441.0), (212.0, 843.0), (218.0, 925.0), (84.0, 977.0), (14.0, 1051.0), (16.0, 1137.0), (16.0, 1517.0), (102.0, 1687.0), (708.0, 1783.0), (772.0, 1711.0), (502.0, 783.0), (892.0, 863.0)]"
00043.png,14,"[(1038.0, 25.0), (392.0, 119.0), (212.0, 441.0), (210.0, 853.0), (214.0, 925.0), (74.0, 989.0), (6.0, 1057.0), (12.0, 1139.0), (24.0, 1515.0), (110.0, 1685.0), (720.0, 1773.0), (778.0, 1717.0), (524.0, 781.0), (888.0, 845.0)]"
00044.png,14,"[(1050.0, 19.0), (416.0, 115.0), (216.0, 449.0), (214.0, 855.0), (218.0, 929.0), (90.0, 973.0), (10.0, 1063.0), (8.0, 1141.0), (18.0, 1515.0), (100.0, 1685.0), (732.0, 1771.0), (782.0, 1697.0), (522.0, 769.0), (876.0, 857.0)]"
00045.png,14,"[(1050.0, 17.0), (398.0, 103.0), (216.0, 453.0), (200.0, 861.0), (210.0, 933.0), (82.0, 983.0), (12.0, 1055.0), (8.0, 1141.0), (18.0, 1521.0), (102.0, 1689.0), (732.0, 1777.0), (776.0, 1717.0), (524.0, 763.0), (864.0, 867.0)]"
00046.png,13,"[(402.0, 97.0), (220.0, 455.0), (200.0, 857.0), (212.0, 939.0), (82.0, 989.0), (10.0, 1059.0), (10.0, 1143.0), (18.0, 1523.0), (98.0, 1685.0), (728.0, 1769.0), (794.0, 1719.0), (864.0, 859.0), (524.0, 767.0)]"
00047.png,13,"[(398.0, 101.0), (206.0, 457.0), (198.0, 857.0), (216.0, 939.0), (74.0, 991.0), (8.0, 1061.0), (12.0, 1139.0), (18.0, 1513.0), (102.0, 1683.0), (724.0, 1767.0), (782.0, 1709.0), (864.0, 857.0), (520.0, 765.0)]"
00048.png,13,"[(398.0, 97.0), (216.0, 451.0), (198.0, 859.0), (210.0, 939.0), (80.0, 991.0), (2.0, 1059.0), (14.0, 1135.0), (14.0, 1529.0), (94.0, 1683.0), (724.0, 1765.0), (794.0, 1717.0), (860.0, 867.0), (520.0, 753.0)]"
00049.png,13,"[(402.0, 83.0), (210.0, 459.0), (192.0, 877.0), (210.0, 927.0), (78.0, 999.0), (4.0, 1065.0), (12.0, 1143.0), (12.0, 1521.0), (88.0, 1689.0), (726.0, 1761.0), (790.0, 1717.0), (852.0, 879.0), (528.0, 749.0)]"
00050.png,13,"[(418.0, 81.0), (214.0, 467.0), (192.0, 877.0), (208.0, 937.0), (78.0, 999.0), (6.0, 1071.0), (14.0, 1133.0), (16.0, 1531.0), (100.0, 1683.0), (736.0, 1763.0), (796.0, 1721.0), (534.0, 753.0), (854.0, 883.0)]"
00051.png,13,"[(410.0, 75.0), (206.0, 465.0), (188.0, 883.0), (210.0, 937.0), (68.0, 995.0), (4.0, 1067.0), (12.0, 1131.0), (14.0, 1529.0), (96.0, 1677.0), (732.0, 1761.0), (814.0, 1719.0), (846.0, 887.0), (536.0, 741.0)]"
00052.png,13,"[(410.0, 71.0), (206.0, 463.0), (194.0, 877.0), (210.0, 947.0), (76.0, 1001.0), (0, 1069), (14.0, 1115.0), (12.0, 1529.0), (98.0, 1687.0), (744.0, 1755.0), (806.0, 1723.0), (840.0, 869.0), (532.0, 733.0)]"
00053.png,13,"[(402.0, 67.0), (212.0, 471.0), (194.0, 871.0), (210.0, 939.0), (72.0, 1003.0), (4.0, 1067.0), (14.0, 1139.0), (14.0, 1531.0), (96.0, 1679.0), (738.0, 1753.0), (814.0, 1725.0), (848.0, 881.0), (534.0, 735.0)]"
00054.png,13,"[(404.0, 55.0), (202.0, 465.0), (194.0, 877.0), (204.0, 951.0), (76.0, 1001.0), (10.0, 1079.0), (16.0, 1133.0), (14.0, 1527.0), (96.0, 1683.0), (746.0, 1755.0), (826.0, 1723.0), (840.0, 881.0), (526.0, 731.0)]"
00055.png,13,"[(406.0, 57.0), (198.0, 467.0), (190.0, 883.0), (200.0, 947.0), (70.0, 1015.0), (4.0, 1067.0), (14.0, 1123.0), (14.0, 1531.0), (90.0, 1683.0), (746.0, 1747.0), (836.0, 1721.0), (844.0, 909.0), (540.0, 729.0)]"
00056.png,13,"[(434.0, 51.0), (200.0, 483.0), (194.0, 883.0), (200.0, 949.0), (66.0, 1011.0), (8.0, 1073.0), (12.0, 1131.0), (14.0, 1533.0), (96.0, 1677.0), (742.0, 1743.0), (838.0, 1723.0), (834.0, 901.0), (556.0, 725.0)]"
00057.png,13,"[(422.0, 49.0), (196.0, 483.0), (190.0, 891.0), (198.0, 949.0), (70.0, 1015.0), (10.0, 1073.0), (14.0, 1117.0), (12.0, 1533.0), (90.0, 1685.0), (766.0, 1743.0), (844.0, 1715.0), (830.0, 907.0), (546.0, 729.0)]"
00058.png,13,"[(420.0, 39.0), (200.0, 481.0), (192.0, 899.0), (202.0, 967.0), (74.0, 1015.0), (10.0, 1073.0), (16.0, 1121.0), (12.0, 1531.0), (88.0, 1679.0), (764.0, 1747.0), (836.0, 1723.0), (818.0, 895.0), (546.0, 709.0)]"
00059.png,13,"[(414.0, 41.0), (194.0, 483.0), (184.0, 899.0), (196.0, 961.0), (64.0, 1019.0), (0.0, 1069.0), (12.0, 1129.0), (12.0, 1539.0), (90.0, 1683.0), (764.0, 1737.0), (848.0, 1723.0), (816.0, 909.0), (558.0, 717.0)]"
00060.png,13,"[(540.0, 727.0), (424.0, 33.0), (190.0, 487.0), (188.0, 905.0), (202.0, 967.0), (60.0, 1023.0), (6.0, 1079.0), (12.0, 1115.0), (8.0, 1535.0), (90.0, 1681.0), (754.0, 1745.0), (844.0, 1709.0), (804.0, 907.0)]"
00061.png,13,"[(432.0, 25.0), (198.0, 491.0), (186.0, 901.0), (200.0, 967.0), (64.0, 1023.0), (10.0, 1077.0), (12.0, 1119.0), (12.0, 1533.0), (84.0, 1673.0), (764.0, 1739.0), (838.0, 1735.0), (806.0, 911.0), (550.0, 711.0)]"
00062.png,13,"[(426.0, 21.0), (186.0, 489.0), (184.0, 907.0), (198.0, 973.0), (70.0, 1021.0), (12.0, 1073.0), (16.0, 1115.0), (8.0, 1537.0), (90.0, 1679.0), (772.0, 1731.0), (840.0, 1733.0), (800.0, 921.0), (552.0, 711.0)]"
00063.png,13,"[(440.0, 15.0), (190.0, 499.0), (186.0, 903.0), (196.0, 975.0), (66.0, 1021.0), (12.0, 1075.0), (8.0, 1113.0), (10.0, 1533.0), (88.0, 1679.0), (784.0, 1737.0), (858.0, 1737.0), (802.0, 925.0), (550.0, 705.0)]"
00064.png,13,"[(442.0, 15.0), (194.0, 505.0), (174.0, 907.0), (192.0, 975.0), (66.0, 1031.0), (8.0, 1077.0), (12.0, 1105.0), (12.0, 1543.0), (78.0, 1677.0), (784.0, 1721.0), (870.0, 1733.0), (800.0, 911.0), (562.0, 703.0)]"
00065.png,13,"[(434.0, 11.0), (196.0, 499.0), (184.0, 909.0), (192.0, 973.0), (68.0, 1031.0), (6.0, 1073.0), (14.0, 1111.0), (6.0, 1541.0), (84.0, 1683.0), (780.0, 1721.0), (868.0, 1735.0), (802.0, 919.0), (560.0, 695.0)]"
00066.png,13,"[(434.0, 11.0), (198.0, 507.0), (170.0, 905.0), (188.0, 969.0), (64.0, 1025.0), (4.0, 1081.0), (16.0, 1105.0), (14.0, 1543.0), (76.0, 1679.0), (794.0, 1727.0), (866.0, 1725.0), (800.0, 927.0), (564.0, 691.0)]"
00067.png,12,"[(198.0, 507.0), (174.0, 921.0), (186.0, 981.0), (70.0, 1033.0), (12.0, 1077.0), (28.0, 1111.0), (16.0, 1549.0), (82.0, 1689.0), (792.0, 1723.0), (866.0, 1723.0), (784.0, 921.0), (570.0, 685.0)]"
00068.png,12,"[(186.0, 507.0), (166.0, 917.0), (176.0, 997.0), (56.0, 1033.0), (8.0, 1067.0), (20.0, 1105.0), (4.0, 1555.0), (80.0, 1687.0), (796.0, 1703.0), (872.0, 1731.0), (786.0, 923.0), (576.0, 691.0)]"
00069.png,12,"[(190.0, 521.0), (166.0, 925.0), (180.0, 987.0), (64.0, 1033.0), (6.0, 1081.0), (12.0, 1111.0), (8.0, 1551.0), (82.0, 1691.0), (798.0, 1723.0), (894.0, 1731.0), (798.0, 935.0), (562.0, 669.0)]"
00070.png,13,"[(196.0, 513.0), (172.0, 919.0), (176.0, 983.0), (66.0, 1039.0), (4.0, 1079.0), (22.0, 1115.0), (6.0, 1555.0), (80.0, 1677.0), (418.0, 1825.0), (794.0, 1691.0), (902.0, 1731.0), (772.0, 947.0), (576.0, 675.0)]"
00071.png,12,"[(582.0, 679.0), (184.0, 515.0), (168.0, 931.0), (174.0, 995.0), (54.0, 1039.0), (8.0, 1077.0), (12.0, 1101.0), (16.0, 1555.0), (84.0, 1691.0), (426.0, 1825.0), (788.0, 1695.0), (770.0, 939.0)]"
00072.png,11,"[(570.0, 665.0), (176.0, 519.0), (168.0, 929.0), (182.0, 991.0), (58.0, 1043.0), (18.0, 1091.0), (10.0, 1551.0), (76.0, 1683.0), (412.0, 1829.0), (806.0, 1703.0), (768.0, 931.0)]"
00073.png,11,"[(770.0, 945.0), (594.0, 657.0), (182.0, 525.0), (168.0, 937.0), (180.0, 993.0), (48.0, 1041.0), (20.0, 1085.0), (16.0, 1553.0), (78.0, 1693.0), (426.0, 1821.0), (812.0, 1697.0)]"
00074.png,11,"[(588.0, 661.0), (188.0, 531.0), (166.0, 941.0), (182.0, 993.0), (54.0, 1043.0), (18.0, 1099.0), (6.0, 1557.0), (72.0, 1689.0), (412.0, 1825.0), (816.0, 1691.0), (760.0, 949.0)]"
00075.png,11,"[(592.0, 653.0), (182.0, 527.0), (168.0, 931.0), (182.0, 985.0), (64.0, 1037.0), (24.0, 1087.0), (12.0, 1549.0), (68.0, 1683.0), (408.0, 1823.0), (822.0, 1693.0), (758.0, 947.0)]"
00076.png,11,"[(584.0, 645.0), (170.0, 529.0), (170.0, 949.0), (180.0, 1005.0), (50.0, 1047.0), (26.0, 1087.0), (6.0, 1555.0), (74.0, 1683.0), (414.0, 1827.0), (812.0, 1695.0), (754.0, 951.0)]"
00077.png,11,"[(606.0, 645.0), (168.0, 531.0), (162.0, 945.0), (176.0, 1001.0), (50.0, 1047.0), (18.0, 1101.0), (12.0, 1561.0), (74.0, 1689.0), (420.0, 1821.0), (838.0, 1697.0), (762.0, 943.0)]"
00078.png,11,"[(596.0, 631.0), (182.0, 533.0), (158.0, 951.0), (178.0, 995.0), (54.0, 1051.0), (26.0, 1077.0), (8.0, 1569.0), (68.0, 1689.0), (420.0, 1825.0), (826.0, 1693.0), (750.0, 953.0)]"
00079.png,11,"[(608.0, 623.0), (172.0, 541.0), (160.0, 947.0), (178.0, 1007.0), (54.0, 1063.0), (32.0, 1085.0), (8.0, 1569.0), (66.0, 1681.0), (422.0, 1825.0), (846.0, 1699.0), (764.0, 955.0)]"
00080.png,11,"[(612.0, 631.0), (172.0, 539.0), (166.0, 951.0), (168.0, 1001.0), (56.0, 1049.0), (22.0, 1091.0), (6.0, 1555.0), (74.0, 1687.0), (434.0, 1825.0), (850.0, 1681.0), (754.0, 975.0)]"
00081.png,11,"[(612.0, 621.0), (170.0, 539.0), (164.0, 945.0), (170.0, 1007.0), (62.0, 1057.0), (26.0, 1087.0), (12.0, 1553.0), (64.0, 1675.0), (424.0, 1821.0), (862.0, 1677.0), (746.0, 969.0)]"
00082.png,11,"[(612.0, 619.0), (176.0, 551.0), (160.0, 949.0), (170.0, 1011.0), (56.0, 1063.0), (18.0, 1085.0), (14.0, 1555.0), (76.0, 1689.0), (424.0, 1827.0), (854.0, 1671.0), (746.0, 963.0)]"
00083.png,11,"[(626.0, 625.0), (166.0, 539.0), (164.0, 961.0), (164.0, 1013.0), (52.0, 1061.0), (26.0, 1075.0), (12.0, 1555.0), (76.0, 1687.0), (432.0, 1831.0), (866.0, 1695.0), (730.0, 967.0)]"
00084.png,11,"[(616.0, 617.0), (178.0, 549.0), (170.0, 957.0), (170.0, 1013.0), (60.0, 1059.0), (12.0, 1075.0), (8.0, 1565.0), (78.0, 1701.0), (444.0, 1821.0), (864.0, 1687.0), (742.0, 975.0)]"
00085.png,11,"[(634.0, 611.0), (180.0, 559.0), (164.0, 973.0), (166.0, 1021.0), (46.0, 1069.0), (14.0, 1071.0), (8.0, 1565.0), (82.0, 1679.0), (448.0, 1819.0), (856.0, 1675.0), (716.0, 989.0)]"
00086.png,11,"[(642.0, 607.0), (174.0, 553.0), (160.0, 957.0), (168.0, 1017.0), (50.0, 1073.0), (4.0, 1095.0), (14.0, 1551.0), (64.0, 1677.0), (432.0, 1827.0), (886.0, 1671.0), (738.0, 993.0)]"
00087.png,11,"[(634.0, 609.0), (172.0, 555.0), (160.0, 975.0), (170.0, 1021.0), (48.0, 1067.0), (8.0, 1093.0), (8.0, 1553.0), (74.0, 1687.0), (442.0, 1825.0), (880.0, 1685.0), (716.0, 979.0)]"
00088.png,11,"[(654.0, 595.0), (170.0, 559.0), (160.0, 965.0), (176.0, 1029.0), (52.0, 1063.0), (4.0, 1105.0), (10.0, 1569.0), (70.0, 1683.0), (452.0, 1815.0), (874.0, 1677.0), (718.0, 999.0)]"
00089.png,11,"[(642.0, 601.0), (172.0, 557.0), (162.0, 971.0), (174.0, 1023.0), (54.0, 1063.0), (16.0, 1095.0), (14.0, 1559.0), (66.0, 1685.0), (452.0, 1819.0), (876.0, 1681.0), (720.0, 989.0)]"
00090.png,11,"[(642.0, 601.0), (172.0, 565.0), (166.0, 975.0), (164.0, 1027.0), (44.0, 1069.0), (6.0, 1101.0), (8.0, 1563.0), (74.0, 1683.0), (458.0, 1819.0), (884.0, 1675.0), (720.0, 997.0)]"
00091.png,11,"[(650.0, 595.0), (174.0, 557.0), (152.0, 981.0), (160.0, 1035.0), (50.0, 1077.0), (6.0, 1107.0), (2.0, 1565.0), (56.0, 1685.0), (444.0, 1817.0), (886.0, 1677.0), (714.0, 1001.0)]"
00092.png,11,"[(650.0, 585.0), (166.0, 567.0), (158.0, 981.0), (162.0, 1029.0), (52.0, 1067.0), (6.0, 1091.0), (6.0, 1577.0), (66.0, 1691.0), (452.0, 1821.0), (906.0, 1669.0), (716.0, 997.0)]"
00093.png,10,"[(646.0, 565.0), (166.0, 569.0), (162.0, 989.0), (164.0, 1039.0), (50.0, 1073.0), (6.0, 1573.0), (66.0, 1691.0), (450.0, 1815.0), (910.0, 1681.0), (708.0, 1011.0)]"
00094.png,11,"[(658.0, 573.0), (166.0, 579.0), (142.0, 993.0), (160.0, 1039.0), (46.0, 1077.0), (8.0, 1103.0), (6.0, 1573.0), (60.0, 1689.0), (442.0, 1813.0), (896.0, 1669.0), (696.0, 1001.0)]"
00095.png,12,"[(638.0, 575.0), (154.0, 577.0), (146.0, 981.0), (160.0, 1037.0), (30.0, 1051.0), (40.0, 1077.0), (16.0, 1097.0), (10.0, 1563.0), (62.0, 1705.0), (442.0, 1811.0), (898.0, 1677.0), (704.0, 1011.0)]"
00096.png,12,"[(658.0, 573.0), (164.0, 575.0), (144.0, 987.0), (162.0, 1041.0), (28.0, 1051.0), (46.0, 1085.0), (12.0, 1099.0), (8.0, 1575.0), (64.0, 1689.0), (458.0, 1811.0), (918.0, 1675.0), (692.0, 1003.0)]"
00097.png,12,"[(662.0, 559.0), (162.0, 581.0), (150.0, 993.0), (160.0, 1045.0), (38.0, 1045.0), (44.0, 1077.0), (12.0, 1097.0), (12.0, 1573.0), (64.0, 1695.0), (462.0, 1805.0), (926.0, 1665.0), (694.0, 1019.0)]"
00098.png,12,"[(662.0, 563.0), (162.0, 585.0), (144.0, 993.0), (160.0, 1047.0), (38.0, 1039.0), (42.0, 1081.0), (4.0, 1111.0), (10.0, 1581.0), (62.0, 1695.0), (456.0, 1805.0), (926.0, 1667.0), (676.0, 1007.0)]"
00099.png,12,"[(676.0, 551.0), (160.0, 589.0), (140.0, 995.0), (162.0, 1053.0), (40.0, 1047.0), (46.0, 1077.0), (10.0, 1093.0), (10.0, 1585.0), (68.0, 1697.0), (462.0, 1801.0), (916.0, 1661.0), (682.0, 1013.0)]"
00100.png,11,"[(690.0, 555.0), (160.0, 587.0), (140.0, 997.0), (160.0, 1065.0), (38.0, 1045.0), (34.0, 1081.0), (8.0, 1579.0), (60.0, 1697.0), (454.0, 1793.0), (932.0, 1657.0), (676.0, 1019.0)]"
00101.png,11,"[(684.0, 545.0), (156.0, 593.0), (138.0, 997.0), (156.0, 1065.0), (40.0, 1047.0), (42.0, 1085.0), (6.0, 1593.0), (58.0, 1689.0), (460.0, 1797.0), (924.0, 1651.0), (680.0, 1023.0)]"
00102.png,11,"[(678.0, 529.0), (158.0, 589.0), (142.0, 997.0), (156.0, 1067.0), (38.0, 1045.0), (30.0, 1087.0), (4.0, 1587.0), (56.0, 1685.0), (462.0, 1797.0), (926.0, 1651.0), (676.0, 1029.0)]"
00103.png,11,"[(686.0, 527.0), (150.0, 595.0), (140.0, 1001.0), (154.0, 1069.0), (38.0, 1035.0), (42.0, 1087.0), (10.0, 1581.0), (60.0, 1695.0), (472.0, 1799.0), (930.0, 1667.0), (674.0, 1031.0)]"
00104.png,11,"[(694.0, 529.0), (154.0, 603.0), (142.0, 1007.0), (152.0, 1065.0), (38.0, 1039.0), (30.0, 1087.0), (6.0, 1589.0), (56.0, 1695.0), (468.0, 1795.0), (946.0, 1663.0), (670.0, 1015.0)]"
00105.png,11,"[(696.0, 519.0), (154.0, 599.0), (138.0, 1005.0), (148.0, 1057.0), (44.0, 1035.0), (44.0, 1079.0), (6.0, 1581.0), (52.0, 1693.0), (478.0, 1783.0), (942.0, 1655.0), (676.0, 1035.0)]"
00106.png,11,"[(688.0, 513.0), (148.0, 605.0), (136.0, 1007.0), (144.0, 1063.0), (40.0, 1037.0), (38.0, 1087.0), (6.0, 1587.0), (44.0, 1689.0), (480.0, 1791.0), (960.0, 1655.0), (668.0, 1047.0)]"
00107.png,11,"[(714.0, 521.0), (150.0, 603.0), (152.0, 1003.0), (164.0, 1065.0), (46.0, 1035.0), (38.0, 1087.0), (6.0, 1595.0), (56.0, 1695.0), (480.0, 1785.0), (946.0, 1649.0), (672.0, 1037.0)]"
00108.png,11,"[(702.0, 515.0), (156.0, 605.0), (148.0, 1015.0), (148.0, 1065.0), (36.0, 1037.0), (36.0, 1091.0), (4.0, 1593.0), (50.0, 1693.0), (486.0, 1789.0), (958.0, 1657.0), (668.0, 1041.0)]"
00109.png,11,"[(698.0, 501.0), (144.0, 611.0), (136.0, 1017.0), (146.0, 1067.0), (48.0, 1027.0), (34.0, 1087.0), (0.0, 1597.0), (50.0, 1697.0), (478.0, 1783.0), (964.0, 1665.0), (660.0, 1053.0)]"
00110.png,11,"[(706.0, 493.0), (146.0, 613.0), (142.0, 1009.0), (142.0, 1071.0), (48.0, 1027.0), (40.0, 1095.0), (6.0, 1595.0), (46.0, 1695.0), (476.0, 1783.0), (988.0, 1665.0), (670.0, 1057.0)]"
00111.png,11,"[(710.0, 497.0), (148.0, 609.0), (126.0, 1013.0), (148.0, 1073.0), (36.0, 1021.0), (42.0, 1085.0), (4.0, 1585.0), (54.0, 1697.0), (476.0, 1775.0), (994.0, 1667.0), (646.0, 1053.0)]"
00112.png,11,"[(724.0, 491.0), (158.0, 611.0), (140.0, 1015.0), (148.0, 1085.0), (54.0, 1021.0), (40.0, 1107.0), (4.0, 1589.0), (48.0, 1689.0), (488.0, 1777.0), (986.0, 1651.0), (654.0, 1065.0)]"
00113.png,11,"[(712.0, 501.0), (150.0, 615.0), (124.0, 1025.0), (140.0, 1075.0), (50.0, 1027.0), (40.0, 1101.0), (8.0, 1587.0), (52.0, 1689.0), (476.0, 1781.0), (976.0, 1661.0), (648.0, 1059.0)]"
00114.png,11,"[(736.0, 485.0), (160.0, 619.0), (136.0, 1015.0), (154.0, 1075.0), (40.0, 1013.0), (36.0, 1103.0), (2.0, 1601.0), (44.0, 1703.0), (492.0, 1779.0), (990.0, 1665.0), (646.0, 1053.0)]"
00115.png,11,"[(718.0, 483.0), (146.0, 617.0), (130.0, 1027.0), (142.0, 1069.0), (42.0, 1017.0), (36.0, 1089.0), (16.0, 1595.0), (58.0, 1697.0), (484.0, 1783.0), (992.0, 1675.0), (648.0, 1065.0)]"
00116.png,11,"[(734.0, 469.0), (154.0, 621.0), (136.0, 1021.0), (150.0, 1075.0), (44.0, 1021.0), (38.0, 1103.0), (6.0, 1595.0), (42.0, 1691.0), (494.0, 1769.0), (1012.0, 1655.0), (658.0, 1073.0)]"
00117.png,11,"[(744.0, 463.0), (158.0, 625.0), (134.0, 1029.0), (134.0, 1101.0), (46.0, 1015.0), (40.0, 1101.0), (12.0, 1599.0), (48.0, 1691.0), (504.0, 1773.0), (994.0, 1665.0), (640.0, 1067.0)]"
00118.png,10,"[(737.36, 459.27), (141.0, 633.82), (135.55, 1035.64), (44.64, 1026.55), (33.73, 1104.73), (141.0, 1093.82), (50.09, 1693.82), (504.64, 1773.82), (1002.82, 1670.18), (631.91, 1075.64)]"
00119.png,10,"[(746.45, 466.55), (137.36, 633.82), (131.91, 1030.18), (41.0, 1021.09), (33.73, 1115.64), (122.82, 1093.82), (44.64, 1704.73), (493.73, 1775.64), (1006.45, 1662.91), (642.82, 1068.36)]"
00120.png,10,"[(741.0, 453.82), (135.55, 628.36), (130.09, 1044.73), (51.91, 1022.91), (33.73, 1108.36), (131.91, 1102.91), (46.45, 1693.82), (508.27, 1761.09), (1011.91, 1661.09), (641.0, 1070.18)]"
00121.png,10,"[(750.09, 462.91), (146.45, 637.45), (50.09, 1012.0), (130.09, 1041.09), (130.09, 1095.64), (28.27, 1108.36), (42.82, 1701.09), (515.55, 1768.36), (1024.64, 1661.09), (642.82, 1077.45)]"
00122.png,10,"[(748.27, 459.27), (139.18, 642.91), (53.73, 1010.18), (117.36, 1039.27), (131.91, 1093.82), (31.91, 1108.36), (33.73, 1699.27), (528.27, 1772.0), (1030.09, 1659.27), (633.73, 1082.91)]"
00123.png,10,"[(753.73, 444.73), (141.0, 639.27), (55.55, 1006.55), (121.0, 1037.45), (130.09, 1099.27), (24.64, 1119.27), (33.73, 1699.27), (511.91, 1764.73), (1041.0, 1661.09), (619.18, 1073.82)]"
00124.png,10,"[(759.18, 430.18), (130.09, 646.55), (51.91, 1006.55), (113.73, 1042.91), (131.91, 1104.73), (33.73, 1117.45), (33.73, 1701.09), (519.18, 1766.55), (1037.36, 1659.27), (613.73, 1079.27)]"
00125.png,10,"[(766.45, 430.18), (139.18, 637.45), (48.27, 1006.55), (122.82, 1046.55), (130.09, 1101.09), (30.09, 1115.64), (41.0, 1699.27), (517.36, 1770.18), (1037.36, 1659.27), (624.64, 1093.82)]"
00126.png,10,"[(766.45, 419.27), (139.18, 644.73), (53.73, 1006.55), (124.64, 1046.55), (131.91, 1104.73), (31.91, 1113.82), (42.82, 1702.91), (522.82, 1768.36), (1061.0, 1664.73), (617.36, 1082.91)]"
00127.png,10,"[(773.73, 424.73), (135.55, 646.55), (55.55, 1002.91), (121.0, 1053.82), (130.09, 1099.27), (39.18, 1115.64), (42.82, 1710.18), (533.73, 1764.73), (1057.36, 1655.64), (621.0, 1086.55)]"
00128.png,10,"[(779.18, 410.18), (135.55, 650.18), (50.09, 1004.73), (113.73, 1053.82), (126.45, 1113.82), (31.91, 1117.45), (42.82, 1701.09), (522.82, 1766.55), (1070.09, 1659.27), (619.18, 1092.0)]"
00129.png,9,"[(786.45, 402.91), (146.45, 657.45), (57.36, 1001.09), (119.18, 1052.0), (128.27, 1108.36), (31.91, 1117.45), (39.18, 1706.55), (515.55, 1761.09), (597.36, 1082.91)]"
00130.png,9,"[(784.64, 408.36), (146.45, 657.45), (53.73, 995.64), (122.82, 1061.09), (122.82, 1113.82), (30.09, 1119.27), (42.82, 1706.55), (535.55, 1762.91), (613.73, 1090.18)]"
00131.png,9,"[(786.45, 399.27), (141.0, 659.27), (51.91, 997.45), (119.18, 1057.45), (128.27, 1121.09), (22.82, 1122.91), (39.18, 1704.73), (530.09, 1761.09), (602.82, 1099.27)]"
00132.png,9,"[(804.64, 399.27), (128.27, 664.73), (55.55, 995.64), (121.0, 1057.45), (121.0, 1110.18), (30.09, 1117.45), (33.73, 1708.36), (537.36, 1759.27), (608.27, 1095.64)]"
00133.png,9,"[(808.27, 390.18), (135.55, 672.0), (59.18, 999.27), (111.91, 1059.27), (119.18, 1117.45), (26.45, 1122.91), (31.91, 1712.0), (535.55, 1757.45), (604.64, 1101.09)]"
00134.png,9,"[(806.45, 384.73), (126.45, 675.64), (61.0, 990.18), (121.0, 1059.27), (121.0, 1119.27), (28.27, 1121.09), (31.91, 1712.0), (530.09, 1750.18), (593.73, 1104.73)]"
00135.png,9,"[(813.73, 368.36), (130.09, 672.0), (62.82, 990.18), (119.18, 1064.73), (119.18, 1122.91), (26.45, 1130.18), (31.91, 1712.0), (553.73, 1744.73), (601.0, 1104.73)]"
00136.png,9,"[(813.73, 361.09), (122.82, 675.64), (59.18, 992.0), (117.36, 1059.27), (124.64, 1126.55), (22.82, 1126.55), (31.91, 1708.36), (551.91, 1746.55), (591.91, 1106.55)]"
00137.png,9,"[(822.82, 357.45), (121.0, 681.09), (55.55, 993.82), (121.0, 1066.55), (119.18, 1122.91), (21.0, 1124.73), (33.73, 1710.18), (553.73, 1748.36), (599.18, 1112.0)]"
00138.png,9,"[(813.73, 357.45), (126.45, 682.91), (61.0, 990.18), (115.55, 1072.0), (122.82, 1133.82), (21.0, 1124.73), (33.73, 1715.64), (550.09, 1741.09), (582.82, 1124.73)]"
00139.png,9,"[(810.09, 348.36), (117.36, 681.09), (62.82, 982.91), (115.55, 1066.55), (121.0, 1121.09), (26.45, 1126.55), (33.73, 1712.0), (562.82, 1746.55), (586.45, 1115.64)]"
00140.png,9,"[(817.36, 346.55), (111.91, 690.18), (55.55, 986.55), (115.55, 1075.64), (121.0, 1137.45), (22.82, 1128.36), (30.09, 1706.55), (562.82, 1739.27), (586.45, 1128.36)]"
00141.png,9,"[(835.55, 344.73), (117.36, 682.91), (55.55, 986.55), (113.73, 1073.82), (119.18, 1137.45), (26.45, 1130.18), (28.27, 1710.18), (561.0, 1741.09), (577.36, 1124.73)]"
00142.png,9,"[(833.73, 342.91), (117.36, 688.36), (61.0, 981.09), (101.0, 1072.0), (115.55, 1146.55), (19.18, 1132.0), (30.09, 1713.82), (566.45, 1733.82), (582.82, 1121.09)]"
00143.png,9,"[(851.91, 333.82), (122.82, 690.18), (61.0, 986.55), (104.64, 1070.18), (117.36, 1137.45), (17.36, 1130.18), (30.09, 1713.82), (564.64, 1741.09), (573.73, 1128.36)]"
00144.png,10,"[(851.91, 328.36), (581.0, 4.73), (121.0, 688.36), (57.36, 984.73), (106.45, 1073.82), (119.18, 1139.27), (26.45, 1135.64), (33.73, 1712.0), (568.27, 1737.45), (562.82, 1133.82)]"
00145.png,10,"[(855.55, 330.18), (573.73, 8.36), (121.0, 695.64), (61.0, 975.64), (104.64, 1075.64), (113.73, 1139.27), (17.36, 1141.09), (31.91, 1713.82), (571.91, 1741.09), (570.09, 1135.64)]"
00146.png,10,"[(855.55, 313.82), (559.18, 10.18), (117.36, 686.55), (66.45, 972.0), (102.82, 1084.73), (115.55, 1144.73), (21.0, 1135.64), (30.09, 1717.45), (579.18, 1737.45), (581.0, 1122.91)]"
00147.png,10,"[(868.27, 313.82), (559.18, 10.18), (124.64, 697.45), (64.64, 975.64), (97.36, 1084.73), (113.73, 1150.18), (15.55, 1144.73), (26.45, 1708.36), (577.36, 1739.27), (570.09, 1128.36)]"
00148.png,10,"[(879.18, 308.36), (557.36, 15.64), (121.0, 702.91), (71.91, 972.0), (108.27, 1084.73), (113.73, 1148.36), (15.55, 1139.27), (28.27, 1713.82), (582.82, 1732.0), (561.0, 1139.27)]"
00149.png,10,"[(866.45, 302.91), (555.55, 13.82), (119.18, 697.45), (68.27, 972.0), (110.09, 1088.36), (117.36, 1146.55), (19.18, 1148.36), (22.82, 1713.82), (584.64, 1732.0), (561.0, 1137.45)]"
00150.png,10,"[(870.09, 299.27), (564.64, 22.91), (110.09, 702.91), (75.55, 964.73), (108.27, 1092.0), (106.45, 1144.73), (19.18, 1144.73), (26.45, 1713.82), (584.64, 1733.82), (559.18, 1137.45)]"
00151.png,10,"[(870.09, 293.82), (550.09, 21.09), (104.64, 708.36), (71.91, 968.36), (106.45, 1097.45), (110.09, 1155.64), (19.18, 1144.73), (28.27, 1713.82), (584.64, 1733.82), (561.0, 1144.73)]"
00152.png,10,"[(595.55, 1735.64), (548.27, 1152.0), (888.27, 292.0), (566.45, 33.82), (104.64, 702.91), (64.64, 964.73), (106.45, 1102.91), (106.45, 1161.09), (13.73, 1150.18), (28.27, 1715.64)]"
00153.png,10,"[(879.18, 288.36), (561.0, 41.09), (101.0, 699.27), (64.64, 961.09), (104.64, 1106.55), (106.45, 1152.0), (19.18, 1148.36), (24.64, 1717.45), (606.45, 1735.64), (550.09, 1144.73)]"
00154.png,10,"[(882.82, 277.45), (557.36, 52.0), (101.0, 704.73), (71.91, 962.91), (104.64, 1097.45), (117.36, 1155.64), (13.73, 1148.36), (22.82, 1713.82), (602.82, 1741.09), (548.27, 1148.36)]"
00155.png,10,"[(886.45, 284.73), (555.55, 52.0), (111.91, 708.36), (64.64, 962.91), (104.64, 1101.09), (115.55, 1161.09), (11.91, 1150.18), (13.73, 1713.82), (602.82, 1739.27), (548.27, 1155.64)]"
00156.png,10,"[(877.36, 268.36), (548.27, 52.0), (99.18, 719.27), (71.91, 962.91), (90.09, 1097.45), (113.73, 1164.73), (13.73, 1159.27), (19.18, 1708.36), (602.82, 1733.82), (551.91, 1153.82)]"
00157.png,10,"[(899.18, 257.45), (546.45, 53.82), (108.27, 715.64), (71.91, 959.27), (99.18, 1101.09), (111.91, 1162.91), (13.73, 1155.64), (17.36, 1722.91), (606.45, 1741.09), (548.27, 1153.82)]"
00158.png,10,"[(897.36, 252.0), (544.64, 57.45), (102.82, 717.45), (73.73, 955.64), (90.09, 1102.91), (101.0, 1162.91), (15.55, 1148.36), (17.36, 1715.64), (602.82, 1733.82), (542.82, 1157.45)]"
00159.png,10,"[(917.36, 241.09), (539.18, 55.64), (102.82, 721.09), (70.09, 957.45), (93.73, 1108.36), (99.18, 1155.64), (11.91, 1155.64), (22.82, 1717.45), (615.55, 1730.18), (542.82, 1148.36)]"
00160.png,10,"[(908.27, 228.36), (533.73, 68.36), (102.82, 724.73), (73.73, 957.45), (90.09, 1112.0), (102.82, 1166.55), (15.55, 1157.45), (21.0, 1715.64), (610.09, 1735.64), (537.36, 1161.09)]"
00161.png,10,"[(915.55, 233.82), (531.91, 66.55), (101.0, 724.73), (71.91, 957.45), (93.73, 1110.18), (97.36, 1164.73), (11.91, 1155.64), (21.0, 1715.64), (602.82, 1732.0), (537.36, 1161.09)]"
00162.png,10,"[(922.82, 226.55), (528.27, 79.27), (110.09, 728.36), (81.0, 952.0), (97.36, 1112.0), (102.82, 1168.36), (13.73, 1157.45), (19.18, 1721.09), (619.18, 1730.18), (539.18, 1161.09)]"
00163.png,10,"[(924.64, 221.09), (535.55, 84.73), (102.82, 728.36), (79.18, 955.64), (95.55, 1110.18), (97.36, 1164.73), (11.91, 1153.82), (17.36, 1719.27), (626.45, 1724.73), (537.36, 1175.64)]"
00164.png,10,"[(937.36, 210.18), (524.64, 92.0), (104.64, 728.36), (73.73, 955.64), (88.27, 1112.0), (101.0, 1166.55), (17.36, 1161.09), (19.18, 1721.09), (630.09, 1733.82), (531.91, 1175.64)]"
00165.png,10,"[(931.91, 210.18), (521.0, 86.55), (104.64, 732.0), (82.82, 942.91), (93.73, 1117.45), (101.0, 1173.82), (11.91, 1162.91), (13.73, 1722.91), (631.91, 1735.64), (524.64, 1172.0)]"
00166.png,10,"[(944.64, 193.82), (522.82, 97.45), (101.0, 742.91), (68.27, 944.73), (91.91, 1112.0), (102.82, 1175.64), (15.55, 1166.55), (15.55, 1715.64), (633.73, 1733.82), (515.55, 1179.27)]"
00167.png,10,"[(933.73, 202.91), (519.18, 99.27), (102.82, 737.45), (73.73, 944.73), (91.91, 1112.0), (104.64, 1175.64), (11.91, 1161.09), (10.09, 1726.55), (633.73, 1728.36), (515.55, 1179.27)]"
00168.png,10,"[(955.55, 184.73), (526.45, 108.36), (93.73, 741.09), (82.82, 941.09), (86.45, 1121.09), (95.55, 1175.64), (15.55, 1164.73), (11.91, 1717.45), (633.73, 1719.27), (522.82, 1170.18)]"
00169.png,10,"[(944.64, 184.73), (511.91, 102.91), (97.36, 739.27), (73.73, 937.45), (82.82, 1126.55), (91.91, 1181.09), (11.91, 1162.91), (15.55, 1730.18), (644.64, 1730.18), (513.73, 1186.55)]"
00170.png,10,"[(953.73, 173.82), (504.64, 104.73), (101.0, 746.55), (75.55, 944.73), (88.27, 1119.27), (95.55, 1175.64), (10.09, 1164.73), (11.91, 1722.91), (642.82, 1728.36), (506.45, 1181.09)]"
00171.png,10,"[(961.0, 166.55), (519.18, 122.91), (97.36, 746.55), (79.18, 944.73), (88.27, 1126.55), (90.09, 1182.91), (17.36, 1170.18), (17.36, 1721.09), (648.27, 1721.09), (513.73, 1177.45)]"
00172.png,10,"[(975.55, 155.64), (519.18, 128.36), (93.73, 752.0), (84.64, 937.45), (86.45, 1126.55), (91.91, 1182.91), (10.09, 1162.91), (10.09, 1726.55), (642.82, 1722.91), (508.27, 1188.36)]"
00173.png,10,"[(977.36, 157.45), (519.18, 122.91), (95.55, 752.0), (77.36, 933.82), (75.55, 1132.0), (99.18, 1184.73), (10.09, 1172.0), (15.55, 1730.18), (648.27, 1722.91), (508.27, 1177.45)]"
00174.png,10,"[(973.73, 142.91), (517.36, 126.55), (97.36, 755.64), (88.27, 933.82), (75.55, 1130.18), (97.36, 1184.73), (13.73, 1170.18), (10.09, 1728.36), (653.73, 1713.82), (510.09, 1184.73)]"
00175.png,10,"[(981.0, 148.36), (508.27, 133.82), (95.55, 755.64), (86.45, 935.64), (81.0, 1133.82), (91.91, 1181.09), (11.91, 1172.0), (6.45, 1724.73), (659.18, 1719.27), (499.18, 1181.09)]"
00176.png,10,"[(999.18, 132.0), (506.45, 142.91), (99.18, 759.27), (90.09, 935.64), (77.36, 1137.45), (90.09, 1186.55), (11.91, 1175.64), (10.09, 1724.73), (664.64, 1722.91), (499.18, 1181.09)]"
00177.png,10,"[(1008.27, 126.55), (497.36, 148.36), (102.82, 759.27), (86.45, 921.09), (86.45, 1133.82), (86.45, 1186.55), (10.09, 1175.64), (8.27, 1732.0), (661.0, 1710.18), (497.36, 1197.45)]"
00178.png,10,"[(1019.18, 121.09), (488.27, 144.73), (91.91, 762.91), (88.27, 921.09), (73.73, 1139.27), (90.09, 1190.18), (8.27, 1173.82), (6.45, 1735.64), (662.82, 1726.55), (499.18, 1192.0)]"
00179.png,10,"[(1019.18, 115.64), (502.82, 155.64), (99.18, 766.55), (88.27, 924.73), (84.64, 1130.18), (86.45, 1195.64), (13.73, 1179.27), (13.73, 1733.82), (666.45, 1713.82), (486.45, 1188.36)]"
00180.png,10,"[(1026.45, 112.0), (488.27, 155.64), (93.73, 761.09), (88.27, 922.91), (79.18, 1135.64), (91.91, 1184.73), (11.91, 1175.64), (8.27, 1728.36), (666.45, 1726.55), (493.73, 1199.27)]"
00181.png,10,"[(1028.27, 102.91), (497.36, 166.55), (88.27, 772.0), (90.09, 926.55), (82.82, 1137.45), (91.91, 1192.0), (11.91, 1181.09), (13.73, 1728.36), (675.55, 1719.27), (481.0, 1206.55)]"
00182.png,10,"[(1024.64, 93.82), (495.55, 161.09), (93.73, 761.09), (81.0, 919.27), (79.18, 1142.91), (90.09, 1193.82), (6.45, 1188.36), (11.91, 1739.27), (686.45, 1722.91), (490.09, 1210.18)]"
00183.png,10,"[(1055.55, 77.45), (488.27, 173.82), (93.73, 768.36), (91.91, 913.82), (79.18, 1144.73), (84.64, 1195.64), (13.73, 1186.55), (4.64, 1724.73), (677.36, 1719.27), (482.82, 1204.73)]"
00184.png,10,"[(1053.73, 66.55), (495.55, 177.45), (95.55, 762.91), (101.0, 904.73), (82.82, 1142.91), (81.0, 1204.73), (11.91, 1192.0), (4.64, 1737.45), (691.91, 1719.27), (491.91, 1197.45)]"
00185.png,10,"[(1039.18, 72.0), (490.09, 164.73), (82.82, 773.82), (90.09, 913.82), (77.36, 1152.0), (86.45, 1195.64), (11.91, 1186.55), (13.73, 1733.82), (702.82, 1730.18), (488.27, 1204.73)]"
00186.png,10,"[(1050.09, 66.55), (495.55, 181.09), (81.0, 772.0), (95.55, 906.55), (73.73, 1150.18), (82.82, 1199.27), (13.73, 1188.36), (10.09, 1733.82), (701.0, 1724.73), (486.45, 1210.18)]"
00187.png,10,"[(1055.55, 50.18), (490.09, 179.27), (88.27, 772.0), (93.73, 902.91), (77.36, 1150.18), (91.91, 1204.73), (11.91, 1193.82), (2.82, 1742.91), (704.64, 1726.55), (484.64, 1212.0)]"
00188.png,10,"[(479.18, 182.91), (91.91, 777.45), (93.73, 904.73), (73.73, 1150.18), (86.45, 1202.91), (8.27, 1193.82), (6.45, 1732.0), (710.09, 1728.36), (484.64, 1199.27), (1062.82, 46.55)]"
00189.png,9,"[(488.27, 193.82), (86.45, 773.82), (102.82, 906.55), (66.45, 1157.45), (81.0, 1213.82), (15.55, 1192.0), (10.09, 1737.45), (697.36, 1726.55), (479.18, 1215.64)]"
00190.png,9,"[(475.55, 197.45), (82.82, 782.91), (95.55, 897.45), (79.18, 1159.27), (81.0, 1217.45), (15.55, 1199.27), (6.45, 1742.91), (708.27, 1735.64), (477.36, 1221.09)]"
00191.png,9,"[(466.45, 195.64), (82.82, 777.45), (99.18, 912.0), (73.73, 1152.0), (84.64, 1202.91), (13.73, 1197.45), (13.73, 1737.45), (708.27, 1726.55), (477.36, 1228.36)]"
00192.png,8,"[(470.09, 204.73), (82.82, 779.27), (93.73, 904.73), (70.09, 1166.55), (82.82, 1222.91), (10.09, 1737.45), (711.91, 1730.18), (475.55, 1224.73)]"
00193.png,8,"[(466.45, 202.91), (90.09, 779.27), (99.18, 897.45), (71.91, 1162.91), (77.36, 1217.45), (13.73, 1739.27), (719.18, 1728.36), (466.45, 1230.18)]"
00194.png,8,"[(459.18, 206.55), (77.36, 792.0), (90.09, 895.64), (68.27, 1164.73), (73.73, 1213.82), (15.55, 1737.45), (717.36, 1719.27), (466.45, 1222.91)]"
00195.png,8,"[(461.0, 219.27), (82.82, 792.0), (97.36, 897.45), (73.73, 1161.09), (77.36, 1226.55), (2.82, 1746.55), (722.82, 1728.36), (466.45, 1230.18)]"
00196.png,8,"[(453.73, 228.36), (79.18, 793.82), (91.91, 897.45), (64.64, 1168.36), (73.73, 1222.91), (10.09, 1748.36), (728.27, 1726.55), (459.18, 1230.18)]"
00197.png,8,"[(464.64, 221.09), (86.45, 792.0), (106.45, 890.18), (68.27, 1161.09), (73.73, 1219.27), (6.45, 1733.82), (724.64, 1721.09), (466.45, 1226.55)]"
00198.png,8,"[(459.18, 232.0), (81.0, 797.45), (99.18, 890.18), (70.09, 1168.36), (70.09, 1219.27), (6.45, 1744.73), (739.18, 1728.36), (468.27, 1228.36)]"
00199.png,8,"[(457.36, 232.0), (73.73, 806.55), (102.82, 899.27), (66.45, 1170.18), (79.18, 1219.27), (10.09, 1739.27), (744.64, 1724.73), (459.18, 1233.82)]"
00200.png,8,"[(448.27, 241.09), (77.36, 799.27), (102.82, 882.91), (61.0, 1172.0), (75.55, 1224.73), (6.45, 1737.45), (746.45, 1733.82), (459.18, 1224.73)]"
00201.png,8,"[(448.27, 242.91), (79.18, 808.36), (104.64, 877.45), (62.82, 1166.55), (68.27, 1228.36), (4.64, 1746.55), (755.55, 1717.45), (446.45, 1233.82)]"
00202.png,8,"[(453.73, 244.73), (70.09, 817.45), (106.45, 879.27), (57.36, 1172.0), (70.09, 1237.45), (8.27, 1750.18), (751.91, 1717.45), (448.27, 1230.18)]"
00203.png,8,"[(448.27, 246.55), (71.91, 806.55), (102.82, 873.82), (61.0, 1170.18), (71.91, 1232.0), (6.45, 1739.27), (755.55, 1726.55), (455.55, 1239.27)]"
00204.png,8,"[(455.55, 257.45), (73.73, 810.18), (104.64, 886.55), (59.18, 1170.18), (70.09, 1230.18), (10.09, 1744.73), (762.82, 1722.91), (446.45, 1228.36)]"
00205.png,8,"[(439.18, 259.27), (64.64, 815.64), (104.64, 873.82), (55.55, 1173.82), (68.27, 1233.82), (8.27, 1744.73), (755.55, 1717.45), (444.64, 1235.64)]"
00206.png,8,"[(444.64, 270.18), (81.0, 815.64), (102.82, 872.0), (55.55, 1177.45), (66.45, 1228.36), (6.45, 1753.82), (762.82, 1717.45), (448.27, 1244.73)]"
00207.png,8,"[(446.45, 273.82), (71.91, 812.0), (102.82, 870.18), (53.73, 1182.91), (64.64, 1230.18), (2.82, 1742.91), (775.55, 1719.27), (439.18, 1244.73)]"
00208.png,8,"[(442.82, 270.18), (75.55, 819.27), (102.82, 872.0), (57.36, 1181.09), (62.82, 1246.55), (8.27, 1753.82), (762.82, 1722.91), (439.18, 1244.73)]"
00209.png,8,"[(439.18, 275.64), (77.36, 815.64), (106.45, 862.91), (61.0, 1184.73), (64.64, 1244.73), (2.82, 1744.73), (762.82, 1719.27), (439.18, 1237.45)]"
00210.png,8,"[(433.73, 270.18), (73.73, 817.45), (108.27, 864.73), (51.91, 1188.36), (59.18, 1235.64), (6.45, 1753.82), (768.27, 1719.27), (437.36, 1237.45)]"
00211.png,7,"[(422.82, 279.27), (66.45, 819.27), (106.45, 857.45), (57.36, 1188.36), (62.82, 1242.91), (773.73, 1728.36), (437.36, 1242.91)]"
00212.png,8,"[(439.18, 286.55), (71.91, 826.55), (106.45, 861.09), (55.55, 1188.36), (55.55, 1248.36), (777.36, 1721.09), (1039.18, 1468.36), (448.27, 1257.45)]"
00213.png,8,"[(426.45, 286.55), (64.64, 821.09), (102.82, 857.45), (55.55, 1188.36), (64.64, 1244.73), (791.91, 1733.82), (1028.27, 1473.82), (433.73, 1253.82)]"
00214.png,8,"[(428.27, 286.55), (61.0, 832.0), (111.91, 850.18), (57.36, 1197.45), (59.18, 1255.64), (813.73, 1735.64), (1017.36, 1475.64), (426.45, 1252.0)]"
00215.png,8,"[(431.91, 292.0), (70.09, 830.18), (115.55, 852.0), (53.73, 1193.82), (55.55, 1248.36), (788.27, 1735.64), (1017.36, 1472.0), (431.91, 1259.27)]"
00216.png,8,"[(435.55, 302.91), (70.09, 830.18), (115.55, 844.73), (51.91, 1202.91), (53.73, 1248.36), (799.18, 1735.64), (999.18, 1475.64), (426.45, 1255.64)]"
00217.png,8,"[(422.82, 304.73), (64.64, 832.0), (119.18, 841.09), (53.73, 1201.09), (62.82, 1248.36), (815.55, 1741.09), (1004.64, 1479.27), (415.55, 1261.09)]"
00218.png,8,"[(417.36, 299.27), (122.82, 842.91), (55.55, 837.45), (41.0, 1204.73), (57.36, 1253.82), (421.0, 1266.55), (822.82, 1735.64), (1024.64, 1468.36)]"
00219.png,8,"[(417.36, 306.55), (119.18, 835.64), (59.18, 835.64), (39.18, 1201.09), (55.55, 1261.09), (821.0, 1730.18), (1001.0, 1484.73), (417.36, 1264.73)]"
00220.png,8,"[(411.91, 317.45), (113.73, 832.0), (59.18, 837.45), (42.82, 1201.09), (53.73, 1252.0), (417.36, 1275.64), (821.0, 1732.0), (1004.64, 1468.36)]"
00221.png,8,"[(426.45, 313.82), (124.64, 837.45), (66.45, 842.91), (46.45, 1201.09), (59.18, 1257.45), (413.73, 1275.64), (822.82, 1728.36), (1001.0, 1475.64)]"
00222.png,8,"[(422.82, 321.09), (124.64, 835.64), (64.64, 842.91), (44.64, 1206.55), (48.27, 1255.64), (419.18, 1277.45), (841.0, 1728.36), (990.09, 1470.18)]"
00223.png,8,"[(413.73, 317.45), (117.36, 830.18), (62.82, 848.36), (51.91, 1199.27), (51.91, 1262.91), (421.0, 1275.64), (819.18, 1730.18), (997.36, 1472.0)]"
00224.png,8,"[(413.73, 321.09), (130.09, 828.36), (59.18, 846.55), (51.91, 1199.27), (57.36, 1259.27), (415.55, 1277.45), (835.55, 1722.91), (991.91, 1470.18)]"
00225.png,8,"[(406.45, 321.09), (126.45, 819.27), (61.0, 852.0), (48.27, 1204.73), (55.55, 1270.18), (411.91, 1284.73), (841.0, 1724.73), (984.64, 1481.09)]"
00226.png,8,"[(404.64, 326.55), (128.27, 821.09), (64.64, 848.36), (44.64, 1206.55), (51.91, 1266.55), (408.27, 1275.64), (839.18, 1717.45), (979.18, 1468.36)]"
00227.png,8,"[(402.82, 326.55), (126.45, 828.36), (59.18, 852.0), (48.27, 1210.18), (55.55, 1272.0), (419.18, 1284.73), (842.82, 1726.55), (990.09, 1475.64)]"
00228.png,8,"[(410.09, 328.36), (126.45, 821.09), (61.0, 852.0), (41.0, 1210.18), (46.45, 1266.55), (402.82, 1281.09), (844.64, 1715.64), (975.55, 1464.73)]"
00229.png,7,"[(406.45, 332.0), (128.27, 812.0), (46.45, 1202.91), (42.82, 1268.36), (399.18, 1279.27), (861.0, 1715.64), (971.91, 1477.45)]"
00230.png,8,"[(404.64, 337.45), (124.64, 812.0), (53.73, 861.09), (44.64, 1212.0), (48.27, 1273.82), (406.45, 1281.09), (857.36, 1713.82), (955.55, 1481.09)]"
00231.png,8,"[(401.0, 332.0), (128.27, 817.45), (55.55, 864.73), (39.18, 1213.82), (46.45, 1282.91), (395.55, 1290.18), (866.45, 1710.18), (951.91, 1477.45)]"
00232.png,9,"[(406.45, 344.73), (406.45, 21.09), (133.73, 797.45), (57.36, 875.64), (44.64, 1212.0), (41.0, 1266.55), (388.27, 1286.55), (870.09, 1693.82), (953.73, 1472.0)]"
00233.png,9,"[(411.91, 15.64), (393.73, 341.09), (122.82, 810.18), (53.73, 868.36), (41.0, 1219.27), (41.0, 1268.36), (399.18, 1292.0), (888.27, 1706.55), (946.45, 1484.73)]"
00234.png,9,"[(410.09, 22.91), (397.36, 346.55), (128.27, 801.09), (48.27, 868.36), (37.36, 1206.55), (42.82, 1268.36), (391.91, 1282.91), (881.0, 1695.64), (946.45, 1481.09)]"
00235.png,9,"[(406.45, 24.73), (391.91, 355.64), (122.82, 801.09), (53.73, 866.55), (39.18, 1222.91), (41.0, 1281.09), (391.91, 1284.73), (890.09, 1688.36), (942.82, 1492.0)]"
00236.png,9,"[(406.45, 32.0), (393.73, 359.27), (128.27, 801.09), (50.09, 882.91), (31.91, 1226.55), (39.18, 1279.27), (381.0, 1290.18), (875.55, 1682.91), (948.27, 1479.27)]"
00237.png,10,"[(401.0, 35.64), (386.45, 361.09), (135.55, 797.45), (51.91, 872.0), (30.09, 1221.09), (33.73, 1277.45), (6.45, 1448.36), (382.82, 1288.36), (899.18, 1675.64), (924.64, 1486.55)]"
00238.png,10,"[(401.0, 33.82), (384.64, 362.91), (124.64, 795.64), (42.82, 882.91), (31.91, 1217.45), (46.45, 1288.36), (4.64, 1444.73), (384.64, 1293.82), (902.82, 1677.45), (935.55, 1486.55)]"
00239.png,10,"[(397.36, 33.82), (384.64, 359.27), (126.45, 793.82), (50.09, 879.27), (41.0, 1219.27), (39.18, 1284.73), (6.45, 1442.91), (384.64, 1288.36), (895.55, 1681.09), (930.09, 1499.27)]"
00240.png,10,"[(399.18, 39.27), (381.0, 364.73), (128.27, 797.45), (48.27, 882.91), (42.82, 1219.27), (44.64, 1279.27), (6.45, 1444.73), (384.64, 1297.45), (904.64, 1681.09), (922.82, 1504.73)]"
00241.png,10,"[(402.82, 52.0), (375.55, 375.64), (124.64, 781.09), (50.09, 888.36), (39.18, 1230.18), (37.36, 1286.55), (10.09, 1453.82), (384.64, 1301.09), (910.09, 1684.73), (919.18, 1501.09)]"
00242.png,10,"[(395.55, 48.36), (375.55, 375.64), (131.91, 788.36), (53.73, 882.91), (37.36, 1226.55), (41.0, 1282.91), (6.45, 1444.73), (381.0, 1302.91), (906.45, 1679.27), (915.55, 1510.18)]"
00243.png,10,"[(388.27, 53.82), (370.09, 372.0), (141.0, 773.82), (50.09, 886.55), (42.82, 1226.55), (39.18, 1282.91), (8.27, 1439.27), (390.09, 1308.36), (924.64, 1679.27), (915.55, 1502.91)]"
00244.png,10,"[(395.55, 70.18), (375.55, 381.09), (139.18, 775.64), (50.09, 884.73), (33.73, 1235.64), (39.18, 1301.09), (6.45, 1450.18), (370.09, 1304.73), (921.0, 1675.64), (911.91, 1502.91)]"
00245.png,10,"[(382.82, 55.64), (371.91, 372.0), (133.73, 775.64), (50.09, 897.45), (39.18, 1224.73), (42.82, 1292.0), (1.0, 1452.0), (382.82, 1302.91), (924.64, 1679.27), (915.55, 1499.27)]"
00246.png,10,"[(397.36, 62.91), (375.55, 379.27), (135.55, 775.64), (42.82, 886.55), (31.91, 1235.64), (41.0, 1292.0), (6.45, 1441.09), (373.73, 1299.27), (935.55, 1672.0), (904.64, 1495.64)]"
00247.png,10,"[(364.64, 64.73), (370.09, 381.09), (142.82, 772.0), (50.09, 892.0), (37.36, 1237.45), (39.18, 1301.09), (0, 1438), (368.27, 1315.64), (930.09, 1673.82), (890.09, 1499.27)]"
00248.png,10,"[(386.45, 77.45), (375.55, 390.18), (141.0, 764.73), (46.45, 888.36), (30.09, 1232.0), (31.91, 1295.64), (4.64, 1442.91), (373.73, 1321.09), (941.0, 1661.09), (893.73, 1504.73)]"
00249.png,10,"[(390.09, 73.82), (371.91, 395.64), (146.45, 770.18), (42.82, 901.09), (30.09, 1230.18), (31.91, 1295.64), (1.0, 1437.45), (373.73, 1321.09), (966.45, 1668.36), (897.36, 1508.36)]"
00250.png,10,"[(382.82, 70.18), (366.45, 393.82), (151.91, 761.09), (46.45, 897.45), (28.27, 1241.09), (28.27, 1297.45), (6.45, 1430.18), (364.64, 1319.27), (970.09, 1662.91), (886.45, 1519.27)]"
00251.png,10,"[(379.18, 66.55), (371.91, 399.27), (146.45, 766.55), (39.18, 901.09), (26.45, 1235.64), (33.73, 1297.45), (8.27, 1435.64), (364.64, 1321.09), (982.82, 1681.09), (890.09, 1508.36)]"
00252.png,10,"[(382.82, 82.91), (371.91, 392.0), (142.82, 762.91), (42.82, 901.09), (26.45, 1250.18), (28.27, 1301.09), (10.09, 1435.64), (364.64, 1313.82), (973.73, 1672.0), (886.45, 1502.91)]"
00253.png,10,"[(382.82, 90.18), (371.91, 395.64), (150.09, 744.73), (42.82, 906.55), (24.64, 1244.73), (42.82, 1302.91), (13.73, 1439.27), (366.45, 1319.27), (970.09, 1668.36), (864.64, 1497.45)]"
00254.png,10,"[(377.36, 97.45), (357.36, 401.09), (142.82, 759.27), (41.0, 906.55), (26.45, 1237.45), (30.09, 1301.09), (8.27, 1439.27), (361.0, 1313.82), (979.18, 1657.45), (882.82, 1512.0)]"
00255.png,10,"[(373.73, 101.09), (357.36, 399.27), (150.09, 746.55), (41.0, 910.18), (24.64, 1250.18), (33.73, 1308.36), (8.27, 1432.0), (353.73, 1328.36), (979.18, 1655.64), (877.36, 1515.64)]"
00256.png,10,"[(377.36, 101.09), (355.55, 404.73), (151.91, 744.73), (48.27, 915.64), (26.45, 1242.91), (30.09, 1312.0), (6.45, 1435.64), (353.73, 1313.82), (970.09, 1652.0), (864.64, 1512.0)]"
00257.png,10,"[(375.55, 102.91), (355.55, 401.09), (153.73, 744.73), (42.82, 906.55), (24.64, 1242.91), (33.73, 1299.27), (8.27, 1433.82), (351.91, 1317.45), (984.64, 1652.0), (870.09, 1510.18)]"
00258.png,10,"[(371.91, 106.55), (350.09, 408.36), (151.91, 742.91), (41.0, 917.45), (30.09, 1250.18), (35.55, 1304.73), (11.91, 1432.0), (359.18, 1324.73), (993.73, 1648.36), (870.09, 1521.09)]"
00259.png,10,"[(375.55, 101.09), (351.91, 412.0), (161.0, 737.45), (44.64, 921.09), (31.91, 1257.45), (31.91, 1304.73), (2.82, 1444.73), (355.55, 1317.45), (862.82, 1521.09), (1006.45, 1641.09)]"
00260.png,10,"[(373.73, 112.0), (355.55, 417.45), (153.73, 737.45), (39.18, 919.27), (26.45, 1246.55), (31.91, 1310.18), (6.45, 1432.0), (351.91, 1312.0), (859.18, 1524.73), (1011.91, 1635.64)]"
00261.png,10,"[(366.45, 124.73), (351.91, 412.0), (155.55, 726.55), (39.18, 921.09), (17.36, 1253.82), (24.64, 1308.36), (11.91, 1430.18), (351.91, 1326.55), (855.55, 1524.73), (1026.45, 1639.27)]"
00262.png,10,"[(364.64, 128.36), (341.0, 415.64), (153.73, 726.55), (46.45, 921.09), (24.64, 1246.55), (21.0, 1312.0), (8.27, 1439.27), (351.91, 1317.45), (841.0, 1524.73), (1039.18, 1630.18)]"
00263.png,10,"[(366.45, 130.18), (355.55, 417.45), (157.36, 728.36), (30.09, 919.27), (19.18, 1252.0), (24.64, 1302.91), (11.91, 1424.73), (346.45, 1319.27), (846.45, 1530.18), (1026.45, 1624.73)]"
00264.png,10,"[(362.82, 132.0), (342.82, 428.36), (151.91, 724.73), (30.09, 921.09), (19.18, 1250.18), (24.64, 1310.18), (13.73, 1433.82), (355.55, 1330.18), (841.0, 1530.18), (1037.36, 1617.45)]"
00265.png,10,"[(366.45, 144.73), (342.82, 426.55), (148.27, 717.45), (35.55, 935.64), (30.09, 1253.82), (24.64, 1310.18), (11.91, 1422.91), (350.09, 1319.27), (828.27, 1517.45), (1028.27, 1615.64)]"
00266.png,10,"[(368.27, 144.73), (342.82, 432.0), (155.55, 722.91), (33.73, 933.82), (26.45, 1250.18), (24.64, 1315.64), (8.27, 1428.36), (337.36, 1333.82), (831.91, 1537.45), (1046.45, 1610.18)]"
00267.png,10,"[(362.82, 152.0), (350.09, 432.0), (153.73, 712.0), (37.36, 935.64), (15.55, 1255.64), (19.18, 1332.0), (10.09, 1424.73), (342.82, 1342.91), (841.0, 1548.36), (1048.27, 1601.09)]"
00268.png,10,"[(357.36, 150.18), (344.64, 432.0), (164.64, 706.55), (35.55, 930.18), (30.09, 1250.18), (26.45, 1313.82), (10.09, 1439.27), (339.18, 1333.82), (831.91, 1537.45), (1044.64, 1599.27)]"
00269.png,10,"[(357.36, 157.45), (344.64, 441.09), (159.18, 717.45), (33.73, 935.64), (21.0, 1264.73), (19.18, 1326.55), (10.09, 1430.18), (341.0, 1330.18), (850.09, 1550.18), (1057.36, 1597.45)]"
00270.png,10,"[(361.0, 161.09), (346.45, 433.82), (155.55, 712.0), (28.27, 937.45), (26.45, 1259.27), (26.45, 1330.18), (13.73, 1437.45), (351.91, 1348.36), (835.55, 1537.45), (1057.36, 1602.91)]"
00271.png,10,"[(366.45, 161.09), (346.45, 439.27), (168.27, 702.91), (35.55, 937.45), (15.55, 1266.55), (17.36, 1321.09), (13.73, 1439.27), (333.73, 1342.91), (817.36, 1555.64), (1050.09, 1592.0)]"
00272.png,10,"[(353.73, 164.73), (342.82, 435.64), (166.45, 690.18), (35.55, 941.09), (13.73, 1264.73), (17.36, 1332.0), (11.91, 1422.91), (331.91, 1339.27), (830.09, 1555.64), (1061.0, 1595.64)]"
00273.png,9,"[(359.18, 166.55), (341.0, 453.82), (164.64, 701.09), (22.82, 1264.73), (19.18, 1332.0), (11.91, 1428.36), (335.55, 1335.64), (819.18, 1550.18), (1071.91, 1586.55)]"
00274.png,9,"[(351.91, 181.09), (324.64, 446.55), (170.09, 697.45), (30.09, 941.09), (21.0, 1270.18), (24.64, 1339.27), (11.91, 1430.18), (331.91, 1348.36), (839.18, 1572.0)]"
00275.png,9,"[(355.55, 157.45), (331.91, 446.55), (164.64, 695.64), (37.36, 942.91), (19.18, 1266.55), (22.82, 1341.09), (17.36, 1435.64), (342.82, 1342.91), (821.0, 1561.09)]"
00276.png,9,"[(344.64, 168.36), (324.64, 444.73), (164.64, 686.55), (33.73, 939.27), (17.36, 1266.55), (19.18, 1324.73), (19.18, 1424.73), (342.82, 1352.0), (819.18, 1557.45)]"
00277.png,9,"[(364.64, 182.91), (333.73, 455.64), (171.91, 686.55), (39.18, 942.91), (8.27, 1270.18), (13.73, 1333.82), (17.36, 1422.91), (324.64, 1353.82), (804.64, 1561.09)]"
00278.png,9,"[(364.64, 190.18), (322.82, 457.45), (166.45, 684.73), (35.55, 952.0), (13.73, 1279.27), (15.55, 1341.09), (19.18, 1430.18), (331.91, 1348.36), (801.0, 1573.82)]"
00279.png,9,"[(344.64, 201.09), (326.45, 453.82), (170.09, 677.45), (30.09, 953.82), (19.18, 1272.0), (19.18, 1335.64), (21.0, 1415.64), (333.73, 1348.36), (810.09, 1573.82)]"
00280.png,9,"[(348.27, 204.73), (324.64, 450.18), (171.91, 675.64), (35.55, 952.0), (11.91, 1281.09), (10.09, 1337.45), (17.36, 1432.0), (324.64, 1350.18), (793.73, 1577.45)]"
00281.png,9,"[(348.27, 199.27), (324.64, 453.82), (173.73, 682.91), (30.09, 948.36), (8.27, 1279.27), (15.55, 1346.55), (17.36, 1417.45), (331.91, 1357.45), (793.73, 1575.64)]"
00282.png,9,"[(341.0, 193.82), (313.73, 461.09), (171.91, 672.0), (28.27, 948.36), (13.73, 1281.09), (13.73, 1337.45), (24.64, 1422.91), (328.27, 1352.0), (801.0, 1561.09)]"
00283.png,9,"[(341.0, 208.36), (322.82, 461.09), (171.91, 668.36), (28.27, 953.82), (15.55, 1293.82), (15.55, 1333.82), (15.55, 1421.09), (326.45, 1353.82), (790.09, 1573.82)]"
00284.png,9,"[(342.82, 219.27), (319.18, 462.91), (179.18, 666.55), (26.45, 955.64), (11.91, 1292.0), (13.73, 1339.27), (17.36, 1413.82), (322.82, 1352.0), (797.36, 1573.82)]"
00285.png,9,"[(337.36, 222.91), (317.36, 473.82), (175.55, 659.27), (21.0, 972.0), (17.36, 1284.73), (8.27, 1346.55), (19.18, 1421.09), (311.91, 1355.64), (771.91, 1566.55)]"
00286.png,9,"[(337.36, 224.73), (317.36, 468.36), (175.55, 661.09), (26.45, 959.27), (13.73, 1288.36), (19.18, 1350.18), (19.18, 1408.36), (324.64, 1357.45), (781.0, 1572.0)]"
00287.png,9,"[(335.55, 221.09), (315.55, 464.73), (184.64, 659.27), (28.27, 972.0), (15.55, 1290.18), (21.0, 1342.91), (24.64, 1419.27), (317.36, 1357.45), (777.36, 1577.45)]"
00288.png,10,"[(339.18, 230.18), (315.55, 475.64), (193.73, 652.0), (26.45, 968.36), (15.55, 1286.55), (17.36, 1346.55), (24.64, 1413.82), (322.82, 1355.64), (782.82, 1573.82), (1030.09, 910.18)]"
00289.png,10,"[(333.73, 232.0), (308.27, 482.91), (173.73, 661.09), (30.09, 968.36), (15.55, 1282.91), (15.55, 1337.45), (19.18, 1402.91), (317.36, 1353.82), (777.36, 1572.0), (1030.09, 906.55)]"
00290.png,10,"[(330.09, 237.45), (304.64, 490.18), (177.36, 657.45), (30.09, 979.27), (19.18, 1284.73), (11.91, 1346.55), (17.36, 1408.36), (315.55, 1368.36), (771.91, 1582.91), (1019.18, 926.55)]"
00291.png,10,"[(324.64, 248.36), (301.0, 479.27), (177.36, 644.73), (26.45, 975.64), (11.91, 1288.36), (11.91, 1348.36), (21.0, 1417.45), (315.55, 1359.27), (761.0, 1588.36), (1008.27, 944.73)]"
00292.png,10,"[(339.18, 253.82), (310.09, 484.73), (186.45, 650.18), (30.09, 968.36), (13.73, 1290.18), (17.36, 1357.45), (22.82, 1412.0), (319.18, 1364.73), (753.73, 1584.73), (1011.91, 939.27)]"
00293.png,10,"[(335.55, 248.36), (308.27, 492.0), (181.0, 642.91), (26.45, 975.64), (11.91, 1288.36), (10.09, 1350.18), (21.0, 1413.82), (311.91, 1355.64), (757.36, 1582.91), (1010.09, 952.0)]"
00294.png,11,"[(615.55, 8.36), (339.18, 246.55), (306.45, 488.36), (186.45, 628.36), (28.27, 975.64), (10.09, 1284.73), (8.27, 1344.73), (21.0, 1404.73), (310.09, 1366.55), (750.09, 1590.18), (991.91, 948.36)]"
00295.png,11,"[(604.64, 12.0), (335.55, 259.27), (308.27, 486.55), (186.45, 624.73), (15.55, 981.09), (11.91, 1302.91), (17.36, 1353.82), (21.0, 1404.73), (299.18, 1372.0), (751.91, 1592.0), (981.0, 950.18)]"
00296.png,11,"[(617.36, 22.91), (337.36, 257.45), (297.36, 482.91), (182.82, 626.55), (19.18, 981.09), (10.09, 1304.73), (13.73, 1359.27), (19.18, 1408.36), (313.73, 1373.82), (748.27, 1588.36), (971.91, 970.18)]"
00297.png,11,"[(604.64, 22.91), (335.55, 262.91), (299.18, 492.0), (188.27, 626.55), (11.91, 977.45), (11.91, 1302.91), (8.27, 1355.64), (13.73, 1408.36), (306.45, 1377.45), (730.09, 1608.36), (968.27, 973.82)]"
00298.png,11,"[(606.45, 41.09), (342.82, 264.73), (299.18, 495.64), (197.36, 622.91), (19.18, 981.09), (11.91, 1304.73), (8.27, 1364.73), (19.18, 1402.91), (301.0, 1384.73), (741.0, 1606.55), (968.27, 997.45)]"
00299.png,11,"[(597.36, 44.73), (333.73, 250.18), (297.36, 502.91), (188.27, 621.09), (26.45, 975.64), (6.45, 1295.64), (8.27, 1366.55), (17.36, 1419.27), (306.45, 1384.73), (746.45, 1604.73), (971.91, 990.18)]"
00300.png,11,"[(597.36, 48.36), (342.82, 268.36), (301.0, 497.45), (184.64, 621.09), (24.64, 992.0), (8.27, 1313.82), (11.91, 1359.27), (21.0, 1406.55), (299.18, 1381.09), (748.27, 1619.27), (971.91, 999.27)]"
